<?xml version="1.0" encoding="utf-8" standalone="yes"?>
<window type="window">
  <zorder>99999</zorder>
    <coordinates>
        <system>1</system>
        <posx>0</posx>
        <posy>0</posy>
    </coordinates>
    <controls>	
        <control type="group">
			<animation effect="fade" start="100" end="0" time="1000">WindowClose</animation>
            <animation effect="fade" start="0" end="100" time="1000">WindowOpen</animation>
            <control type="image">
                <posx>0</posx>
                <posy>0</posy>
                <width>1280</width>
                <height>720</height>
                <aspectratio>stretch</aspectratio>
                <texture>fanart.jpg</texture>
                <colordiffuse>FFFFFFFF</colordiffuse>
            </control>
        </control>
	</controls>	
</window>
